name,location,price,capacity,rating,reviews,description
Terminus 330,"Atlanta, Georgia","$23,000",151-200 Guests,4.9,17,"Located in the heart of the Centennial Park District in downtown Atlanta, Terminus 330 is an award-winning wedding venue."
Journeyman's Hall,"Atlanta, GA","$2,000",151-200 Guests,5,4,"Journeyman's Hall is a wedding venue located in South Downtown Atlanta, GA, led by owner Chef Vincent Marra."
Monday Night Brewing: The Garage,Metro Atlanta,"$3,500",300+ Guests,4.9,15,Monday Night Garage is one of Atlanta’s most charming and inviting private event spaces with high ceilings and ample natural light.
Wahoo! Grill,"Decatur, GA","$3,000",201-250 Guests,5,108,Wahoo! Grill offers full-service wedding events with an outstanding staff.
Park Tavern: The Piedmont Room & Piedmont Garden Tent,Georgia,"$7,000",251-300 Guests,4.7,133,"Located in the heart of the city overlooking Piedmont Park, celebrating Atlanta’s city skylines and seasonal colors."
Emory Conference Center Hotel,"Atlanta, GA","$12,100",300+ Guests,4.8,41,Elegant venue offering versatility and unique surroundings in a convenient location near Hartsfield International Airport.
Factory Atlanta,"Atlanta, GA","$5,850",300+ Guests,5,6,A versatile wedding venue perfect for couples who love to get creative with an industrial-chic aesthetic.
The Kimpton Shane,"Atlanta, GA","$7,500",51-100 Guests,0,0,A boutique hotel featuring stunning architecture and stylish furnishings.
FORTH Hotel Atlanta,Georgia,"$25,000",151-200 Guests,0,0,A deluxe wedding venue in the trendy Old Fourth Ward neighborhood.
Atlanta Botanical Garden,"Atlanta, GA",$650,151-200 Guests,4.7,21,An urban oasis with lush lawns and tropical foliage.
The Westside Warehouse,"Atlanta, GA","$3,750",151-200 Guests,5,37,A converted warehouse with soaring cathedral ceilings.
Historic DeKalb Courthouse,"Decatur, GA",$450,101-150 Guests,4.8,93,Elegant courtroom with white marble and 20-foot ceilings.
Swan Coach House,"Atlanta, GA","$2,000",101-150 Guests,4.5,8,Historic space in the residential heart of Buckhead.
Waldorf Astoria Atlanta Buckhead,"Atlanta, GA","$12,000",51-100 Guests,4.9,7,Luxury venue with Southern charm in a prestigious neighborhood.
42West Entertainment Group,"Atlanta, GA","$12,000",251-300 Guests,5,6,Industrial modernity blended with refined elegance.
THE TROLLEY BARN,"Atlanta, GA","$3,850",201-250 Guests,4.2,43,1889 structure with hardwood floors and patio area.
Intercontinental Buckhead Atlanta,"Atlanta, GA",$225,300+ Guests,5,8,Hotel combining classic charm with modern luxury.
Grand Hyatt Atlanta in Buckhead,"Atlanta, GA","$12,500",300+ Guests,5,4,Luxurious yet down-to-earth vibe for weddings.
Callanwolde Fine Arts Center,GA,"$8,400",151-200 Guests,4.6,38,Unique venue with a century-long legacy.
Renaissance Atlanta Midtown Hotel,Midtown Atlanta,,300+ Guests,5,2,Located in the arts and music district.
Renaissance Concourse Atlanta Airport Hotel,"Atlanta, GA",,300+ Guests,0,0,Elegant venue combining luxury and convenience.
The Wimbish House,"Atlanta, GA",,201-250 Guests,4.9,85,Destination for weddings and events for nearly a century.
Omni Atlanta Hotel at Centennial Park,"Atlanta, GA","$7,100",300+ Guests,5,2,Perfect Atlanta wedding venue in downtown.
Rhodes Hall,"Atlanta, GA",,101-150 Guests,4.5,21,Known as the 'Castle on Peachtree'.
SCAD Ivy Hall,"Atlanta, GA","$4,500",101-150 Guests,4.5,4,Historic wedding venue with a legacy.
Hotel Colee,"Atlanta, GA",,251-300 Guests,0,0,Awarded 'Best Hotels in the South'.
Epicurean Hotel Atlanta,"Atlanta, GA",,101-150 Guests,5,3,Luxe and lavish wedding venue.
Pristine Chapel Lakeside,"Jonesboro, GA","$8,495",251-300 Guests,4.8,105,Luxe ceremony and reception venue.
Enon Ranch,"Atlanta, GA","$9,500",251-300 Guests,5,2,Rustic event space for countryside celebrations.
Olde Towne Special Events,"Atlanta, GA","$9,950",151-200 Guests,5,67,Full-service events facility with style.
Vecoma At The Yellow River,"Snellville, GA","$2,500",251-300 Guests,4.9,203,"Nestled on 70 acres of lush forest along the scenic Yellow River, Vecoma at the Yellow River is one of metro Atlanta's premier all-inclusive wedding venues."
The 173 Carlyle House,"Norcross, GA","$9,250",300+ Guests,4.9,113,"Located in Norcross, GA, 173 Carlyle House is a beautiful turn-of-the-century mansion with elegant rooms and manicured grounds."
Primrose Cottage,"Roswell, GA",Not specified,300+ Guests,4.9,273,"Primrose Cottage is an enchanting wedding venue located in Roswell, GA, situated on a stately front lawn in Historic Roswell."
Flint Hill,"Norcross, GA",Not specified,251-300 Guests,4.8,209,Flint Hill is a beautifully restored historic mansion with renovated farmhouse décor and landscaped grounds.
Kimball Hall,"Roswell, GA","$13,250",151-200 Guests,5.0,165,Kimball Hall is a newly refurnished and renovated venue with indoor and outdoor ceremony sites and a brand new outdoor courtyard.
Little Gardens,"Lawrenceville, GA",Not specified,251-300 Guests,4.9,216,Little Gardens is a serene wedding venue with a manor house and lavish green grounds.
Stanley House Mansion,"Marietta, GA","$2,000",101-150 Guests,5.0,51,Stanley House Mansion is a stunning wedding venue with historic charm and classic Southern elegance.
The Atrium,"Norcross, GA",Not specified,101-150 Guests,4.8,153,The Atrium is a contemporary wedding venue with a mezzanine level overlooking a two-story glass atrium.
Brick and Ivey,"Marietta, GA","$11,500",151-200 Guests,5.0,106,Brick and Ivey is a modern wedding venue with exposed white brick walls and separate event spaces.
Country Club of Roswell,"Roswell, GA",Not specified,201-250 Guests,4.7,23,Country Club of Roswell offers flexible event spaces for both intimate and larger celebrations.
Naylor Hall,"Roswell, GA","$11,450",201-250 Guests,5.0,176,"Naylor Hall is a historic venue with a complete modern makeover, perfect for elegant weddings."
Roswell Historic Hall,"Roswell, GA","$8,450",300+ Guests,4.6,48,Roswell Historic Hall is a romantic wedding venue offering spaces for various events.
Ivy Hall,"Roswell, GA","$18,000",201-250 Guests,4.9,90,Ivy Hall is a historic venue with a blend of Southern history and modern amenities.
Huntcliff River Club,Atlanta Area,"$4,880",101-150 Guests,4.9,30,Huntcliff River Club is a charming venue surrounded by river oaks and manicured lawns.
Casa Hacienda,"Marietta, GA","$2,000",201-250 Guests,New,Not specified,Casa Hacienda is a fantastic wedding venue with exceptional spaces for celebrations.
Whitestone Reserve,"Austell, GA","$16,000",101-150 Guests,5.0,21,Whitestone Reserve is a stunning venue with chandeliers and natural lighting.
Roswell Mill Club,"Roswell, GA","$11,000",151-200 Guests,4.8,41,Roswell Mill Club is a historic venue with a blend of Southern history and modern amenities.
Eden Garden House,"Lithonia, GA","$3,000",151-200 Guests,New,Not specified,Eden Garden House is a beautiful garden venue for special events.
Chattahoochee Nature Center,"Roswell, GA","$1,300",151-200 Guests,4.9,40,Chattahoochee Nature Center is a natural wedding venue surrounded by scenic beauty.
Westin Atlanta Airport,"Atlanta, GA",Not specified,300+ Guests,4.0,4,Westin Atlanta Airport is a convenient wedding venue near Hartsfield-Jackson International Airport.
The Reserves at Hamilton Homes,"Mableton, GA","$3,000",101-150 Guests,5.0,1,The Reserves at Hamilton Homes offers gorgeous sunset views and timeless interiors.
The Foxglove,"Marietta, GA",Not specified,300+ Guests,5.0,3,The Foxglove is a characterful venue in Marietta's historic district.
Brumby Hall & Gardens,"Marietta, GA","$1,750",151-200 Guests,4.0,2,Brumby Hall & Gardens is a historic wedding venue with meticulously kept gardens.
The Cotton Gin at Mill Creek,"Hiram, GA","$13,000",151-200 Guests,5.0,100,The Cotton Gin at Mill Creek is an all-inclusive wedding venue with a no-fee guarantee.
Ashton Gardens Atlanta by Walters Wedding Estates,"Sugar Hill, GA","$4,000",251-300 Guests,4.8,493,Ashton Gardens is a premier wedding venue with a glass chapel and lush landscapes.
Venue 92,"Woodstock, GA","$4,400",151-200 Guests,5.0,88,Venue 92 offers flexible event spaces for various wedding visions.
The Wildflower Barn at Little River Farms,"Alpharetta, GA","$11,800",101-150 Guests,5.0,85,"The Wildflower Barn is a historic, family-owned venue with a renovated barn."
Little River Farms,"Alpharetta, GA",Not specified,201-250 Guests,4.9,193,Little River Farms is a peaceful retreat with scenic landscapes.
SomeTheme Weddings & Events,Metro Atlanta and Surrounding Areas,"$5,000",51-100 Guests,5.0,10,SomeTheme Weddings & Events offers a timeless elegant venue with large windows.
Douglasville Conference Center,"Douglasville, GA",Not specified,300+ Guests,3.0,1,Douglasville Conference Center is an elegant venue in downtown Douglasville.
TPC Sugarloaf,"Duluth, GA","$14,500",201-250 Guests,5,39,"TPC Sugarloaf is a remarkably elegant wedding venue located in Duluth, Georgia, offering a charming Clubhouse and breathtaking ceremony lawn overlooking the 18th hole of their championship golf course."
Payne Corley House,"Duluth, GA","$4,050",151-200 Guests,5,192,"The Payne-Corley House is a restored farmhouse in Duluth, GA, offering a tranquil retreat with picturesque grounds for celebrations."
Governors Towne Club,"Acworth, GA","$5,000",201-250 Guests,4.2,13,"Governors Towne Club is an elegant event and wedding venue in Acworth, GA, featuring a pristine golf course and sophisticated spaces."
Breckinridge Banquet Hall,"Duluth, GA","$4,050",101-150 Guests,4.8,27,"Breckinridge Banquet Hall is an upscale wedding venue in Duluth, Georgia, suitable for both intimate gatherings and large-scale receptions."
Genesis Ballroom,Atlanta Metropolitan Area,"$5,000",251-300 Guests,0,0,"Genesis Ballroom is an opulent wedding venue in Suwanee, GA, blending elegance, contemporary, and industrial styles."
Hilton Alpharetta Atlanta,"Alpharetta, GA","$10,000",251-300 Guests,5,1,"Hilton Alpharetta Atlanta is a full-service hotel and wedding venue located in Alpharetta, GA, offering modern amenities and event spaces."
Atlanta Marriott Alpharetta,"Alpharetta, GA","$5,000",300+ Guests,5,2,"The Atlanta Marriott Alpharetta is a luxurious hotel venue in Alpharetta, GA, ideal for sophisticated and memorable events."
St Ives Country Club,"Johns Creek, GA","$10,000",201-250 Guests,4.7,14,"St Ives Country Club is one of Atlanta's most stunning wedding venues, located in Johns Creek, GA, with a 45,000 square foot clubhouse."
Cherry Hollow Farm,"Chattahoochee Hills, GA","$9,750",151-200 Guests,5,6,"Cherry Hollow Farm is an indoor/outdoor wedding venue in Chattahoochee Hills, GA, offering two bars, a stage, and dressing rooms."
Kite Manor Events & Studio,"Atlanta, Georgia and surrounding states","$1,000",51-100 Guests,0,0,"Kite Manor Events & Studio is a unique wedding venue in Fayetteville, GA, offering modern indoor and rustic outdoor spaces."
Vines Mansion & Gardens,"Loganville, GA","$1,200",300+ Guests,4.5,31,"Vines Mansion & Gardens in Loganville, GA, offers an open vendor policy and a beautiful setting for weddings."
Atlanta Cosmopolitan Event Center,"Douglasville, GA","$5,000",251-300 Guests,0,0,"Atlanta Cosmopolitan Event Center is a wedding venue in Douglasville, GA, offering everything needed for a dream wedding."
The Wheeler House and Barn,"Ball Ground, GA","$9,750",251-300 Guests,5,124,"The Wheeler House and Barn is a rustic barn wedding venue in Ball Ground, GA, perfect for countryside celebrations."
Carl House,"Auburn, GA","$5,000",201-250 Guests,4.8,186,"Carl House is a historic home and elegant wedding venue in Auburn, GA, with beautiful grounds and a manicured lawn."
Hi-Def Events,"Newnan, GA","$4,500",251-300 Guests,5,11,"Hi-Def Events offers a modern and timeless atmosphere for weddings in Newnan, GA."
Bradford House and Gardens,"Flowery Branch, GA","$15,000",101-150 Guests,5,43,"Bradford House and Gardens is a classic southern home wedding venue in Flowery Branch, GA, offering all-inclusive services."
Koury Farms Weddings & Events,"Auburn, GA","$4,500",151-200 Guests,5,113,"Koury Farms Weddings & Events is a unique wedding venue in Auburn, GA, offering detailed planning and rustic charm."
Vinewood Stables,"Newnan, GA","$9,750",201-250 Guests,4.9,90,"Vinewood Stables is a historic homestead and wedding venue in Newnan, GA, featuring a charming farmhouse."
Lillian Gardens,"Newnan, GA","$4,500",151-200 Guests,5,38,"Lillian Gardens is a full-service event venue in Newnan, GA, offering professional planning and a spacious mansion and garden."
The Engine Room,"Monroe, GA","$10,000",300+ Guests,4.9,32,"The Engine Room at Monroe Cotton Mills is a unique wedding venue in Monroe, GA, combining historical elegance with modern convenience."
Lanier Islands Weddings,"Buford, GA","$10,000",300+ Guests,4.7,170,"Lanier Islands Weddings provides breathtaking backdrops and world-class amenities in Buford, GA."
In The Woods,"Rockmart, GA","$12,500",201-250 Guests,5,23,"In The Woods is a state-of-the-art wedding venue in Rockmart, GA, offering a secluded and rustic setting."
Cherokee County Conference Center @ The Bluffs,"Canton, GA","$4,300",251-300 Guests,5,3,"Cherokee County Conference Center @ The Bluffs offers over 8,000 sq ft of conference space in Canton, GA."
Four Oaks Manor,"Buford, GA","$3,000",101-150 Guests,4.7,50,"Four Oaks Manor is a historic farmhouse wedding venue in Buford, GA, offering a charming setting for garden weddings."
The Venue at Stillwater Pond,"Temple, GA","$4,500",151-200 Guests,0,0,"The Venue at Stillwater Pond is a stunning wedding venue in Temple, GA, nestled on 53 acres of picturesque property."
Fendley Farmstead LLC,"Canton, GA","$4,500",151-200 Guests,5,114,"Fendley Farmstead LLC is a picturesque farm wedding venue in Canton, GA, offering historic settings and expansive pastures."
Mystic Acres Barn,"Griffin, GA","$5,000",251-300 Guests,0,0,"Mystic Acres Barn is a beautiful wedding venue in Griffin, GA, originating from a family farm."
"The Venue at Sharp Mountain, LLC","Jasper, GA","$22,275",251-300 Guests,5,60,"The Venue at Sharp Mountain, LLC is a wedding and events venue in Jasper, GA, offering stunning mountain views."
Cold Creek Farm,"Dawsonville, GA","$4,000",201-250 Guests,4.8,22,"Cold Creek Farm is a family-owned wedding venue in Dawsonville, GA, offering a picturesque setting in the North Georgia mountains."
The Georgia Club,"Statham, GA","$8,850",251-300 Guests,4.8,6,"The Georgia Club is a one-of-a-kind wedding venue in Statham, GA, featuring an outdoor garden and customizable reception spaces."
Sage Cottage,"Adairsville, GA","$3,500",151-200 Guests,4.9,10,Where Cozy Cottage Charm Meets Timeless Elegance
The Willows Farm,"Marble Hill, GA",Not specified,201-250 Guests,5,101,A country event venue located in the rolling hills of Georgia.
Beautiful Beginnings Farm,"Newborn, GA","$2,000",101-150 Guests,5,140,A wedding venue owned by a happily married couple.
Barn South,"Talmo, GA","$4,500",201-250 Guests,5,11,A luxury Southern destination with natural character.
Hightower Falls,"Cedartown, GA",Not specified,251-300 Guests,4.9,93,Features a natural 80 ft. waterfall and historic gristmill ruins.
The Tate House,"Tate, GA","$17,500",201-250 Guests,5,35,A historic mansion built in 1921 with Etowah pink marble.
"Thompson House & Gardens, 9 Oaks Farm, & 2425 Warehouse",Ga,Not specified,151-200 Guests,4.9,67,A vintage Victorian home with gardens and elegant spaces.
Autumn Oaks of Winder,"Winder, GA","$3,000",101-150 Guests,5,2,A charming wedding venue in the heart of Winder.
Spring Lake Events,"Rockmart, GA",Not specified,151-200 Guests,5,20,Features a beautiful lake and willow trees.
Gaither's at Myrtle Creek Farm,"Covington, GA",Not specified,151-200 Guests,5,3,A historic county-owned venue with rolling hills.
Swan Lake Overlook,"Dawsonville, GA","$7,900",251-300 Guests,5,13,A modern and elegant wedding venue on 200 acres.
Magnolia Creek Farms,"North Georgia, East Tennessee","$15,000",300+ Guests,5,7,A countryside setting on 170 acres.
2400 On The River,"Ranger, GA","$11,400",151-200 Guests,4.9,35,A rustic riverfront venue near the Appalachian Mountains.
Juliette Chapel,"Dahlonega, GA","$2,000",51-100 Guests,5,36,Ideal for intimate wedding affairs.
Montaluce Winery & Estates,"Dahlonega, GA","$16,000",151-200 Guests,4.7,48,A Tuscan-inspired vineyard wedding venue.
The Sixty Two,"Atlanta, GA","$6,500",151-200 Guests,5,2,A luxurious space for wedding celebrations.
The Chapel Athens,"Athens, GA","$3,000",251-300 Guests,5,18,A pristine downtown estate for weddings.
1051 Baxter,"Athens, GA",Not specified,251-300 Guests,5,1,A 6000 square foot events facility.
Ivy & Oak,"Talking Rock, GA","$7,500",151-200 Guests,5,35,A chic and elegant barn venue.
Georgian Hall,"Athens, GA","$10,400",201-250 Guests,5,104,An elegant historic wedding venue.
Summit Farm Weddings,"Ellijay, Blue Ridge, Dawsonville","$6,750",101-150 Guests,5,118,An enchanting countryside event venue.
The Venue on Broad,"Athens, GA","$2,900",201-250 Guests,5,4,Fuses an old New Orleans vibe with industrial architecture.
Strawberry Roan Farm's Barn,"Dahlonega, GA","$2,800",101-150 Guests,5,1,A rustic-chic venue in beautiful Dahlonega.
255 Milledge | Hardeman-Sams Estate,"Athens, GA",Not specified,151-200 Guests,4.9,123,An extraordinary celebration venue in Athens.
Taylor Estate,"Rome, GA",Not specified,Up to 350 Guests,5,2,"A newly-built, elegant venue with bi-fold doors."
Ott Vineyards and Winery,"Ellijay, GA",Not specified,Not specified,0,0,A family-owned vineyard with panoramic views.
The Falls at Blue Ridge,"Georgia, Destination Wedding","$40,000",251-300 Guests,5,4,A stunning venue with breathtaking mountain views.
Cloverleaf Farm,"Athens-Clarke County, Oconee County",Not specified,300+ Guests,4.9,72,A unique wedding venue on a 30-acre farm.
CeNita Venue at CeNita Vineyards & Winery,"Cleveland, GA","$3,500",151-200 Guests,5,74,Overlooks the vineyards and winery.
South Elm Events,"Commerce GA, Athens GA","$3,500",101-150 Guests,5,3,A venue for fairytale weddings and celebrations.
Grant Hill Farms,"Commerce, GA","$3,500",201-250 Guests,5,70,"Nestled among 88 acres of peaceful Commerce, GA, farmland, the venue at Grant Hill Farms is the perfect place for your wedding or special event."
The Farm at Ashley Ridge,"Cleveland, GA",Not provided,151-200 Guests,5,12,"The Farm at Ashley Ridge is a serene countryside wedding venue located in Cleveland, GA."
Yonah Mountain Vineyards,"Cleveland, GA","$12,000",201-250 Guests,5,56,"Yonah Mountain Vineyards is a charming, sprawling wedding venue located in Cleveland, GA."
McEachin Farm,"Athens, Northeast GA, Hartwell, Commerce","$2,000",101-150 Guests,5,2,"McEachin Farm is a stunning wedding venue in Atlanta, GA, that sets the stage for the celebration of a lifetime!"
Enotah Valley Event Center,"Blairsville, GA","$6,800",51-100 Guests,5,5,"Enotah Valley Event Center is a rustic setting for weddings located in Blairsville, GA."
Butler Hall Events,"Gray, GA",Not provided,201-250 Guests,5,1,"Butler Hall Events is a historic wedding venue in Gray, Georgia."
Walnut Hill Farm,"Dalton, GA","$4,500",300+ Guests,4.8,16,Walnut Hill Farm offers classic Southern elegance in the North Georgia Mountains.
Brasstown Valley Resort & Spa,"Young Harris, GA","$5,000",151-200 Guests,4.9,79,"Brasstown Valley Resort & Spa in Young Harris, GA, has it all for a wedding venue."
Currahee Club,"Toccoa, GA","$15,000",101-150 Guests,5,10,Currahee Club features serene lake and mountain views offering a unique blend of sophistication and rustic charm.
The Barn at Young Harris,"Young Harris, GA","$6,000",151-200 Guests,5,42,The Barn at Young Harris is a dream setting for couples looking for panoramic views and Scottish Highland Cows.
The Estate at Stone Creek,"Macon, GA","$1,795",201-250 Guests,4.8,5,The Estate at Stone Creek offers a historic setting on over 100 acres of beautiful landscape.
Lake Rabun Hotel & Restaurant,"Lakemont, GA","$6,000",101-150 Guests,5,2,"Lake Rabun Hotel & Restaurant features two covered, open-air decks and wood burning fireplaces."
Rustic Vows,"Mineral Bluff, GA",Not provided,51-100 Guests,5,1,Rustic Vows offers an idyllic barn-style setting for wedding events.
The Ridges Resort on Lake Chatuge,"Hiawassee, GA",Not provided,201-250 Guests,4.8,48,The Ridges Resort on Lake Chatuge is a gorgeous waterfront wedding venue surrounded by mountains.
Meadows at Mossy Creek,"Cleveland, GA","$6,400",251-300 Guests,5,39,Meadows at Mossy Creek is a stylish and contemporary wedding venue.
Hawkesdene,"Andrews, NC",Not provided,101-150 Guests,5,59,"Hawkesdene is a Private Mountain Estate located in Andrews, NC."
The Dogwood Barn at G5Ranch,"Milledgeville, GA","$4,900",300+ Guests,4.8,16,The Dogwood Barn is a premier wedding venue for rustic romantic events.
Windsong Willows,"Hayesville, NC","$6,200",101-150 Guests,5,3,Windsong Willows is a charming new wedding venue in the Blue Ridge Mountains.
GA Pines at Skull Shoals Park,"Washington, GA","$2,500",151-200 Guests,5,2,GA Pines at Skull Shoals Park is a 68-acre outdoor venue surrounded by nature.
Cloudland at McLemore Resort,"Rising Fawn, GA","$30,000",251-300 Guests,4.2,6,"Cloudland at McLemore Resort offers breathtaking views at 2,300 feet above sea level."
Tryphena's Garden,"Fort Valley, GA",$600,151-200 Guests,4.9,18,Tryphena's Garden is a fairytale-like wedding venue near Atlanta and Macon.
Kingsland Farm,"Hawkinsville, GA","$1,250",151-200 Guests,5,1,Kingsland Farm is a picturesque and reclusive wedding venue in rural Georgia.
Forest Hill Park,"Perry, GA",$700,51-100 Guests,4.9,21,Forest Hill Park features a 1920's white wedding chapel and covered bridge.
Southern Fox Winery,"Lincolnton, GA","$2,500",51-100 Guests,Not provided,Not provided,"Southern Fox Winery is an intimate indoor-outdoor wedding venue in Lincolnton, GA."
The Icehouse Dublin,"Dublin, GA","$2,500",300+ Guests,Not provided,Not provided,"The Icehouse Dublin is a unique, historic warehouse wedding venue."
The Partridge Inn,"Augusta, GA","$5,000",101-150 Guests,3.7,3,"The Partridge Inn is an elegant, timelessly beautiful wedding venue in Augusta, GA."
Padgett's Farm,"Waynesboro, GA",Not provided,251-300 Guests,5,1,Padgett's Farm is a gorgeous country wedding venue on 610 acres.
Quinney Oaks Plantation,"Millen, GA",Not provided,300+ Guests,4.8,18,Quinney Oaks Plantation is a premier venue for weddings and special occasions.
Rumbling Bald on Lake Lure,"Lake Lure, NC",Not provided,300+ Guests,4.4,46,Rumbling Bald on Lake Lure is a premier wedding destination with mountain views.
